{
 "top": {
  "min": 0,
  "max": 0.588,
  "mean": 0.2934322301048117,
  "median": 0.344,
  "std": 0.20586713916163507
 },
 "side": {
  "min": 0,
  "max": 1,
  "mean": 0.6423684169906809,
  "median": 0.736,
  "std": 0.2986348124943413
 }
}