{
 "top": {
  "min": 0,
  "max": 0.546,
  "mean": 0.28655537887035987,
  "median": 0.309,
  "std": 0.18398272209287553
 },
 "side": {
  "min": 0,
  "max": 1,
  "mean": 0.6387787712700657,
  "median": 0.733,
  "std": 0.30792014991046834
 }
}