{
 "top": {
  "min": 0,
  "max": 0.579,
  "mean": 0.2873871482690389,
  "median": 0.335,
  "std": 0.20311875459475012
 },
 "side": {
  "min": 0,
  "max": 1,
  "mean": 0.643319422934845,
  "median": 0.74,
  "std": 0.29991150161889624
 }
}