{
 "top": {
  "min": 0,
  "max": 0.582,
  "mean": 0.2893813658164998,
  "median": 0.338,
  "std": 0.20398801931977506
 },
 "side": {
  "min": 0,
  "max": 1,
  "mean": 0.6429969056091609,
  "median": 0.739,
  "std": 0.29953330351244356
 }
}