{
 "top": {
  "min": 0,
  "max": 0.571,
  "mean": 0.2817652565052176,
  "median": 0.326,
  "std": 0.20069420025975723
 },
 "side": {
  "min": 0,
  "max": 1,
  "mean": 0.644001517287539,
  "median": 0.742,
  "std": 0.3010373735030195
 }
}