{
 "top": {
  "min": 0,
  "max": 0.555,
  "mean": 0.2699685090281965,
  "median": 0.311,
  "std": 0.1964186710035099
 },
 "side": {
  "min": 0,
  "max": 1,
  "mean": 0.6453030676756388,
  "median": 0.747,
  "std": 0.30300361051270785
 }
}