{
 "top": {
  "min": 0,
  "max": 0.557,
  "mean": 0.2714216587654998,
  "median": 0.313,
  "std": 0.1969890732384769
 },
 "side": {
  "min": 0,
  "max": 1,
  "mean": 0.6450933654169292,
  "median": 0.746,
  "std": 0.30277342632094945
 }
}