{
 "top": {
  "min": 0,
  "max": 0.576,
  "mean": 0.2855580560310152,
  "median": 0.331,
  "std": 0.2022378229351754
 },
 "side": {
  "min": 0,
  "max": 1,
  "mean": 0.6436414226664676,
  "median": 0.741,
  "std": 0.30027164228925635
 }
}