{
 "top": {
  "min": 0,
  "max": 0.547,
  "mean": 0.2876864795785781,
  "median": 0.311,
  "std": 0.1843638270186771
 },
 "side": {
  "min": 0,
  "max": 1,
  "mean": 0.6385130926920575,
  "median": 0.733,
  "std": 0.30778509935369547
 }
}