{
 "top": {
  "min": 0,
  "max": 0.569,
  "mean": 0.2799108671224389,
  "median": 0.324,
  "std": 0.1999852928613219
 },
 "side": {
  "min": 0,
  "max": 1,
  "mean": 0.6443150461413393,
  "median": 0.743,
  "std": 0.30137284088594923
 }
}