{
 "top": {
  "min": 0,
  "max": 0.566,
  "mean": 0.27809649720758245,
  "median": 0.322,
  "std": 0.19932014427347164
 },
 "side": {
  "min": 0,
  "max": 1,
  "mean": 0.6444783781198091,
  "median": 0.743,
  "std": 0.301698754009812
 }
}