{
 "top": {
  "min": 0,
  "max": 0.552,
  "mean": 0.2754056514177737,
  "median": 0.313,
  "std": 0.1924400864189081
 },
 "side": {
  "min": 0,
  "max": 1,
  "mean": 0.6445350900995646,
  "median": 0.745,
  "std": 0.30446372360401336
 }
}