{
 "top": {
  "min": 0,
  "max": 0.561,
  "mean": 0.2746353333971441,
  "median": 0.317,
  "std": 0.19809135879000014
 },
 "side": {
  "min": 0,
  "max": 1,
  "mean": 0.6448236980039636,
  "median": 0.745,
  "std": 0.3022919414265705
 }
}