{
 "top": {
  "min": 0,
  "max": 0.585,
  "mean": 0.2913711397189991,
  "median": 0.341,
  "std": 0.2049174465899142
 },
 "side": {
  "min": 0,
  "max": 1,
  "mean": 0.6427943382545587,
  "median": 0.738,
  "std": 0.2991042442692637
 }
}