{
 "top": {
  "min": 0,
  "max": 0.55,
  "mean": 0.28169196219290316,
  "median": 0.313,
  "std": 0.18895042168625903
 },
 "side": {
  "min": 0,
  "max": 1,
  "mean": 0.6404310058661298,
  "median": 0.736,
  "std": 0.3058094801278135
 }
}