{
 "top": {
  "min": 0,
  "max": 0.553,
  "mean": 0.27369506466569044,
  "median": 0.313,
  "std": 0.1941159460195544
 },
 "side": {
  "min": 0,
  "max": 1,
  "mean": 0.6441808870180857,
  "median": 0.745,
  "std": 0.30389031984202675
 }
}