{
 "top": {
  "min": 0,
  "max": 0.559,
  "mean": 0.2729925907306847,
  "median": 0.315,
  "std": 0.19753537455229922
 },
 "side": {
  "min": 0,
  "max": 1,
  "mean": 0.6449514926266097,
  "median": 0.745,
  "std": 0.30253787248996844
 }
}