{
 "top": {
  "min": 0,
  "max": 0.548,
  "mean": 0.287172119773828,
  "median": 0.313,
  "std": 0.1855734096304185
 },
 "side": {
  "min": 0,
  "max": 1,
  "mean": 0.6388480067952746,
  "median": 0.733,
  "std": 0.30733086500469253
 }
}