{
 "top": {
  "min": 0,
  "max": 0.564,
  "mean": 0.27634213643105154,
  "median": 0.319,
  "std": 0.19868235574798596
 },
 "side": {
  "min": 0,
  "max": 1,
  "mean": 0.6446489866966737,
  "median": 0.744,
  "std": 0.3020033074688004
 }
}