{
 "top": {
  "min": 0,
  "max": 0.574,
  "mean": 0.28366236037901127,
  "median": 0.329,
  "std": 0.20143802293338584
 },
 "side": {
  "min": 0,
  "max": 1,
  "mean": 0.6437627800628631,
  "median": 0.742,
  "std": 0.3006670904330004
 }
}